doc_type,meeting_date,avail_date,release_estimated,n_chars,lex_abg_hawk,lex_abg_dove,lex_abg_net,lex_abg_fomc_hawk,lex_abg_fomc_dove,lex_abg_fomc_net,emb_score,emb_coverage
statement,2006-01-31,2006-01-31,False,1425,0,0,0.0,1,0,0.5,-0.013754205449464757,1.0
statement,2006-03-28,2006-03-28,False,1754,0,0,0.0,1,1,0.0,-0.02090668965181807,1.0
statement,2006-05-10,2006-05-10,False,1868,0,0,0.0,1,0,0.5,-0.013243978625619457,0.9473684210526315
statement,2006-06-29,2006-06-29,False,1834,0,0,0.0,1,1,0.0,-0.01295199515257697,1.0
statement,2006-08-08,2006-08-08,False,1399,0,0,0.0,1,1,0.0,-0.015184133307703936,1.0
statement,2006-09-20,2006-09-20,False,1347,0,0,0.0,1,0,0.5,-0.007607493793569914,1.0
statement,2006-10-25,2006-10-25,False,1362,0,0,0.0,1,1,0.0,-0.013892479038354768,1.0
statement,2006-12-12,2006-12-12,False,1436,0,0,0.0,1,1,0.0,-0.01825741100924419,1.0
statement,2007-01-31,2007-01-31,False,1128,0,0,0.0,0,0,0.0,-0.02626780779989467,1.0
statement,2007-03-21,2007-03-21,False,1072,0,0,0.0,0,0,0.0,-0.03195386553379083,1.0
statement,2007-05-09,2007-05-09,False,1057,0,0,0.0,1,1,0.0,-0.03289558643967883,0.9411764705882353
statement,2007-06-18,2007-06-18,False,1153,0,0,0.0,0,0,0.0,-0.03408384941354729,1.0
statement,2007-08-07,2007-08-07,False,1365,1,0,0.5,2,1,0.25,-0.031511057149922445,1.0
statement,2007-08-10,2007-08-10,False,545,0,0,0.0,0,0,0.0,-0.014726539029437564,1.0
statement,2007-08-17,2007-08-17,False,834,1,0,0.5,1,0,0.5,-0.01702966728555453,1.0
statement,2007-09-18,2007-09-18,False,1685,0,0,0.0,0,2,-0.6666666666666666,-0.01642591714181372,1.0
statement,2007-10-31,2007-10-31,False,1950,0,0,0.0,1,1,0.0,-0.020893776805301786,1.0
statement,2007-12-11,2007-12-11,False,1879,0,0,0.0,0,2,-0.6666666666666666,-0.017667344324069748,1.0
minutes,2007-10-31,2008-01-17,False,74742,12,6,0.3157894736842105,32,42,-0.13333333333333333,-0.026113503938501183,1.0
minutes,2007-12-11,2008-01-22,False,519872,200,30,0.7359307359307359,340,211,0.23369565217391305,-0.019472307564561267,1.0
statement,2008-01-22,2008-01-22,False,1643,0,0,0.0,0,1,-0.5,-0.024770069346928672,1.0
statement,2008-01-30,2008-01-30,False,1629,0,0,0.0,0,2,-0.6666666666666666,-0.015282820987405497,1.0
minutes,2008-01-30,2008-02-20,False,167325,42,12,0.5454545454545454,63,114,-0.28651685393258425,-0.010159456624226373,1.0
statement,2008-03-11,2008-03-11,False,8963,0,0,0.0,0,0,0.0,-0.023411272502050343,1.0
statement,2008-03-18,2008-03-18,False,1918,1,0,0.5,3,3,0.0,-0.02904518681767219,1.0
minutes,2008-03-18,2008-04-08,False,40045,6,5,0.08333333333333333,26,30,-0.07017543859649122,-0.020318173379130347,1.0
statement,2008-04-30,2008-04-30,False,2029,2,0,0.6666666666666666,3,3,0.0,-0.022950529684303212,1.0
minutes,2008-04-30,2008-05-21,False,87885,22,6,0.5517241379310345,48,46,0.021052631578947368,-0.021946627492365766,1.0
statement,2008-06-25,2008-06-25,False,1653,2,0,0.6666666666666666,3,2,0.16666666666666666,-0.02625404353777915,1.0
statement,2008-08-05,2008-08-05,False,1618,1,0,0.5,2,2,0.0,-0.028253189831620333,1.0
minutes,2008-08-05,2008-08-26,False,34111,12,4,0.47058823529411764,22,28,-0.11764705882352941,-0.011958219944049898,1.0
statement,2008-09-16,2008-09-16,False,1464,1,0,0.5,1,3,-0.4,-0.027512540673238384,1.0
minutes,2008-09-16,2008-10-07,False,29943,7,2,0.5,19,30,-0.22,-0.019348572644681768,1.0
statement,2008-10-08,2008-10-08,False,5591,2,2,0.0,2,4,-0.2857142857142857,-0.030456320208215665,1.0
statement,2008-10-29,2008-10-29,False,1933,0,0,0.0,0,3,-0.75,-0.01893001648011984,1.0
minutes,2008-10-29,2008-11-19,False,52725,6,6,0.0,8,32,-0.5853658536585366,-0.01635841370061709,1.0
statement,2008-12-16,2008-12-16,False,2695,0,0,0.0,0,3,-0.75,-0.0077904926044282405,1.0
minutes,2008-12-16,2009-01-06,False,50303,1,8,-0.7,5,47,-0.7924528301886793,-0.01715763120177546,1.0
statement,2009-01-28,2009-01-28,False,3180,0,0,0.0,0,1,-0.5,-0.02803319689525999,1.0
minutes,2009-01-28,2009-02-18,False,194409,9,24,-0.4411764705882353,9,84,-0.7978723404255319,-0.013158118650053029,1.0
statement,2009-03-18,2009-03-18,False,2739,0,0,0.0,0,1,-0.5,-0.02073728920307746,1.0
minutes,2009-03-18,2009-04-08,False,42544,2,3,-0.16666666666666666,5,18,-0.5416666666666666,-0.021158329266593275,1.0
statement,2009-04-29,2009-04-29,False,2780,0,0,0.0,0,1,-0.5,-0.02500611139892859,1.0
minutes,2009-04-29,2009-05-20,False,41522,4,4,0.0,11,15,-0.14814814814814814,-0.024959493676997794,1.0
statement,2009-06-24,2009-06-24,False,2182,0,0,0.0,0,1,-0.5,-0.02548809452659418,1.0
minutes,2009-06-24,2009-07-15,False,54053,4,4,0.0,13,20,-0.20588235294117646,-0.020117564558822024,1.0
statement,2009-08-12,2009-08-12,False,2709,0,1,-0.5,0,3,-0.75,-0.027528078586795977,1.0
minutes,2009-08-12,2009-09-02,False,45179,3,6,-0.3,12,20,-0.24242424242424243,-0.026095691449477626,1.0
statement,2009-09-23,2009-09-23,False,2758,0,1,-0.5,1,3,-0.4,-0.03216664999821594,1.0
minutes,2009-09-23,2009-10-14,False,47328,7,6,0.07142857142857142,17,22,-0.125,-0.029550456110516415,1.0
statement,2009-11-04,2009-11-04,False,3046,0,1,-0.5,1,4,-0.5,-0.028731489909137823,1.0
minutes,2009-11-04,2009-11-24,False,91465,4,8,-0.3076923076923077,26,32,-0.1016949152542373,-0.019771568300366648,1.0
statement,2009-12-16,2009-12-16,False,3745,0,1,-0.5,1,3,-0.4,-0.038494608562960074,1.0
minutes,2009-12-16,2010-01-06,False,50875,7,3,0.36363636363636365,22,21,0.022727272727272728,-0.022023929713795454,1.0
statement,2010-01-27,2010-01-27,False,3588,0,1,-0.5,0,2,-0.6666666666666666,-0.033399361750733554,1.0
minutes,2010-01-27,2010-02-17,False,68426,5,1,0.5714285714285714,15,17,-0.06060606060606061,-0.016626276188193574,1.0
statement,2010-03-16,2010-03-16,False,2963,0,2,-0.6666666666666666,0,3,-0.75,-0.028794634546494172,1.0
minutes,2010-03-16,2010-04-06,False,42113,2,4,-0.2857142857142857,7,14,-0.3181818181818182,-0.01742617753163439,1.0
statement,2010-04-28,2010-04-28,False,2705,0,2,-0.6666666666666666,0,3,-0.75,-0.03319224929504848,1.0
statement,2010-05-09,2010-05-09,False,1757,0,0,0.0,0,0,0.0,-0.0717695513773266,0.9411764705882353
minutes,2010-04-28,2010-05-19,False,44687,6,10,-0.23529411764705882,13,22,-0.25,-0.022943572093987966,1.0
statement,2010-06-23,2010-06-23,False,2426,0,3,-0.75,0,4,-0.8,-0.025475045795127303,1.0
minutes,2010-06-23,2010-07-14,False,51006,1,14,-0.8125,5,36,-0.7380952380952381,-0.02159979443028449,1.0
statement,2010-08-10,2010-08-10,False,3042,0,3,-0.75,0,5,-0.8333333333333334,-0.03785105116311404,1.0
minutes,2010-08-10,2010-08-31,False,42102,6,8,-0.13333333333333333,10,25,-0.4166666666666667,-0.014110738985997566,1.0
statement,2010-09-21,2010-09-21,False,2847,0,2,-0.6666666666666666,0,4,-0.8,-0.04199515660790986,1.0
minutes,2010-09-21,2010-10-12,False,38156,5,4,0.1,11,19,-0.25806451612903225,-0.023170578637116253,1.0
statement,2010-11-03,2010-11-03,False,3278,0,4,-0.8,0,6,-0.8571428571428571,-0.0506138759071717,1.0
minutes,2010-11-03,2010-11-23,False,46214,8,18,-0.37037037037037035,25,28,-0.05555555555555555,-0.020684812209565893,1.0
statement,2010-12-14,2010-12-14,False,3260,0,3,-0.75,0,5,-0.8333333333333334,-0.05433521222112257,1.0
minutes,2010-12-14,2011-01-04,False,42784,2,9,-0.5833333333333334,11,19,-0.25806451612903225,-0.021281171715786317,1.0
statement,2011-01-26,2011-01-26,False,2920,0,3,-0.75,1,5,-0.5714285714285714,-0.03995581162415557,1.0
minutes,2011-01-26,2011-02-16,False,66735,18,9,0.32142857142857145,24,23,0.020833333333333332,-0.016084120367962872,1.0
statement,2011-03-15,2011-03-15,False,3064,0,0,0.0,1,3,-0.4,-0.043507679797541686,1.0
minutes,2011-03-15,2011-04-05,False,43535,11,1,0.7692307692307693,25,15,0.24390243902439024,-0.02440533906582298,0.9964285714285714
statement,2011-04-27,2011-04-27,False,3063,0,0,0.0,1,3,-0.4,-0.04662864826994026,1.0
minutes,2011-04-27,2011-05-18,False,49740,13,3,0.5882352941176471,33,18,0.28846153846153844,-0.022588420804122232,1.0
statement,2011-06-22,2011-06-22,False,3010,1,0,0.5,1,2,-0.25,-0.040504768173155556,1.0
minutes,2011-06-22,2011-07-12,False,45285,12,6,0.3157894736842105,18,24,-0.13953488372093023,-0.025550506882694102,1.0
statement,2011-08-09,2011-08-09,False,3462,2,1,0.25,3,3,0.0,-0.036811079187114855,1.0
minutes,2011-08-09,2011-08-30,False,42680,10,10,0.0,18,22,-0.0975609756097561,-0.02778768278166644,1.0
statement,2011-09-21,2011-09-21,False,3978,2,1,0.25,3,3,0.0,-0.04768204836715058,1.0
minutes,2011-09-21,2011-10-12,False,52976,6,12,-0.3157894736842105,14,29,-0.3409090909090909,-0.024283886630246544,1.0
statement,2011-11-02,2011-11-02,False,3284,2,0,0.6666666666666666,4,2,0.2857142857142857,-0.053148285302635476,1.0
minutes,2011-11-02,2011-11-22,False,49027,7,6,0.07142857142857142,19,15,0.11428571428571428,-0.026788313660868854,1.0
statement,2011-12-13,2011-12-13,False,2927,2,0,0.6666666666666666,3,4,-0.125,-0.05590387629959453,1.0
minutes,2011-12-13,2012-01-03,False,49273,5,3,0.2222222222222222,9,21,-0.3870967741935484,-0.02737917792848872,1.0
statement,2012-01-25,2012-01-25,False,2828,2,0,0.6666666666666666,3,4,-0.125,-0.056556936569767596,1.0
minutes,2012-01-25,2012-02-15,False,70597,10,5,0.3125,22,33,-0.19642857142857142,-0.017527247831754498,1.0
statement,2012-03-13,2012-03-13,False,2891,2,0,0.6666666666666666,4,3,0.125,-0.04130740576324647,1.0
minutes,2012-03-13,2012-04-03,False,40577,12,1,0.7857142857142857,26,18,0.17777777777777778,-0.03407245399374234,1.0
statement,2012-04-25,2012-04-25,False,2942,3,0,0.75,5,2,0.375,-0.04887693109088561,1.0
minutes,2012-04-25,2012-05-16,False,46644,12,4,0.47058823529411764,30,17,0.2708333333333333,-0.0338740793759526,1.0
statement,2012-06-20,2012-06-20,False,3278,2,1,0.25,3,6,-0.3,-0.051266555172774106,1.0
minutes,2012-06-20,2012-07-11,False,50630,10,15,-0.19230769230769232,17,50,-0.4852941176470588,-0.03580489122417734,1.0
statement,2012-08-01,2012-08-01,False,3019,2,2,0.0,3,6,-0.3,-0.05359405327856495,1.0
minutes,2012-08-01,2012-08-22,False,45650,9,10,-0.05,15,28,-0.29545454545454547,-0.03529396614636152,1.0
statement,2012-09-13,2012-09-13,False,3804,2,0,0.6666666666666666,2,2,0.0,-0.04101927525816401,1.0
minutes,2012-09-13,2012-10-04,False,49870,8,7,0.0625,16,20,-0.10810810810810811,-0.03168787313357759,1.0
statement,2012-10-24,2012-10-24,False,3715,3,0,0.75,3,1,0.4,-0.046937667382315994,1.0
minutes,2012-10-24,2012-11-14,False,42790,11,2,0.6428571428571429,23,8,0.46875,-0.028685701885151467,1.0
statement,2012-12-12,2012-12-12,False,4729,1,0,0.5,2,0,0.6666666666666666,-0.05063084965062838,1.0
minutes,2012-12-12,2013-01-03,False,48146,4,5,-0.1,20,11,0.28125,-0.027054164747360547,1.0
statement,2013-01-30,2013-01-30,False,4431,1,0,0.5,1,1,0.0,-0.05824601053423123,1.0
minutes,2013-01-30,2013-02-20,False,70476,7,7,0.0,15,19,-0.11428571428571428,-0.02335356800921729,1.0
statement,2013-03-20,2013-03-20,False,4392,1,0,0.5,1,2,-0.25,-0.05323179404684072,1.0
minutes,2013-03-20,2013-04-10,False,47893,8,2,0.5454545454545454,17,16,0.029411764705882353,-0.030426092945199202,1.0
statement,2013-05-01,2013-05-01,False,4559,1,0,0.5,1,1,0.0,-0.05505489467335861,0.96875
minutes,2013-05-01,2013-05-22,False,45304,8,3,0.4166666666666667,17,17,0.0,-0.0263407466824337,1.0
statement,2013-06-19,2013-06-19,False,4721,1,1,0.0,1,2,-0.25,-0.05549734859779135,1.0
minutes,2013-06-19,2013-07-10,False,53812,5,8,-0.21428571428571427,21,22,-0.022727272727272728,-0.033434622592774264,1.0
statement,2013-07-31,2013-07-31,False,4746,1,0,0.5,1,1,0.0,-0.05306516145165457,1.0
minutes,2013-07-31,2013-08-21,False,47247,10,10,0.0,20,19,0.025,-0.030368345125110864,1.0
statement,2013-09-18,2013-09-18,False,5409,1,0,0.5,1,1,0.0,-0.06049012979104247,1.0
minutes,2013-09-18,2013-10-09,False,46834,3,3,0.0,13,14,-0.03571428571428571,-0.02991148911792748,1.0
statement,2013-10-30,2013-10-30,False,5280,1,0,0.5,1,1,0.0,-0.06103011530902605,1.0
minutes,2013-10-30,2013-11-20,False,50612,6,4,0.18181818181818182,15,11,0.14814814814814814,-0.03333843957428115,1.0
statement,2013-12-18,2013-12-18,False,5941,1,0,0.5,4,0,0.8,-0.05771608462734837,1.0
minutes,2013-12-18,2014-01-08,False,56851,9,8,0.05555555555555555,30,18,0.24489795918367346,-0.037581601140495025,1.0
statement,2014-01-29,2014-01-29,False,5727,1,0,0.5,3,0,0.75,-0.054340719011288556,1.0
minutes,2014-01-29,2014-02-19,False,76840,10,8,0.10526315789473684,26,14,0.2926829268292683,-0.020695220390844794,1.0
statement,2014-03-19,2014-03-19,False,6086,1,0,0.5,1,0,0.5,-0.061083020931009493,1.0
minutes,2014-03-19,2014-04-09,False,53831,9,11,-0.09523809523809523,21,19,0.04878048780487805,-0.04581994019660932,1.0
statement,2014-04-30,2014-04-30,False,5626,1,0,0.5,1,0,0.5,-0.056514089342760504,1.0
minutes,2014-04-30,2014-05-21,False,38049,5,5,0.0,9,11,-0.09523809523809523,-0.027547374818803174,1.0
statement,2014-06-18,2014-06-18,False,5557,2,0,0.6666666666666666,2,0,0.6666666666666666,-0.058799038558947796,1.0
minutes,2014-06-18,2014-07-09,False,49917,9,1,0.7272727272727273,23,5,0.6206896551724138,-0.03157326646854235,1.0
statement,2014-07-30,2014-07-30,False,5831,1,0,0.5,2,0,0.6666666666666666,-0.05881127163771862,1.0
minutes,2014-07-30,2014-08-20,False,52805,12,3,0.5625,25,10,0.4166666666666667,-0.03464318104273467,1.0
statement,2014-09-17,2014-09-17,False,6203,1,0,0.5,1,0,0.5,-0.05940198866548003,1.0
minutes,2014-09-17,2014-10-08,False,53602,5,7,-0.15384615384615385,15,16,-0.03125,-0.03433764900515727,1.0
statement,2014-10-29,2014-10-29,False,4980,1,1,0.0,1,2,-0.25,-0.06450024498086702,1.0
minutes,2014-10-29,2014-11-19,False,55143,10,9,0.05,16,30,-0.2978723404255319,-0.031238957681611237,1.0
statement,2014-12-17,2014-12-17,False,5065,1,2,-0.25,2,5,-0.375,-0.07217704316990037,1.0
minutes,2014-12-17,2015-01-07,False,43008,5,18,-0.5416666666666666,11,46,-0.603448275862069,-0.03189630592056249,1.0
statement,2015-01-28,2015-01-28,False,3985,1,1,0.0,2,5,-0.375,-0.06386672755527428,1.0
minutes,2015-01-28,2015-02-18,False,82282,10,14,-0.16,18,42,-0.39344262295081966,-0.01937209722469298,1.0
statement,2015-03-18,2015-03-18,False,4000,1,2,-0.25,2,8,-0.5454545454545454,-0.05286725973380605,1.0
minutes,2015-03-18,2015-04-08,False,54953,9,14,-0.20833333333333334,20,40,-0.32786885245901637,-0.03237152437067369,1.0
statement,2015-04-29,2015-04-29,False,3879,0,2,-0.6666666666666666,2,7,-0.5,-0.05264399305107993,1.0
minutes,2015-04-29,2015-05-20,False,50412,4,14,-0.5263157894736842,18,41,-0.38333333333333336,-0.03544716866017004,1.0
statement,2015-06-17,2015-06-17,False,3754,0,2,-0.6666666666666666,1,3,-0.4,-0.05236505898426951,1.0
minutes,2015-06-17,2015-07-08,False,53278,9,10,-0.05,17,25,-0.18604651162790697,-0.03588301708022343,0.9970326409495549
statement,2015-07-29,2015-07-29,False,3716,0,2,-0.6666666666666666,2,3,-0.16666666666666666,-0.05342136698292606,1.0
minutes,2015-07-29,2015-08-19,False,56025,4,11,-0.4375,13,30,-0.38636363636363635,-0.03372803264984325,1.0
statement,2015-09-17,2015-09-17,False,4019,0,1,-0.5,2,2,0.0,-0.04449740950385138,1.0
minutes,2015-09-17,2015-10-08,False,49504,9,11,-0.09523809523809523,24,32,-0.14035087719298245,-0.025638912453135165,0.9967741935483871
statement,2015-10-28,2015-10-28,False,3931,0,0,0.0,2,1,0.25,-0.0464650079995484,1.0
minutes,2015-10-28,2015-11-18,False,53751,7,8,-0.0625,17,22,-0.125,-0.030272572128628737,0.9971098265895953
statement,2015-12-16,2015-12-16,False,4020,0,1,-0.5,2,2,0.0,-0.044332018807292366,1.0
minutes,2015-12-16,2016-01-06,False,50811,6,9,-0.1875,19,31,-0.23529411764705882,-0.02838183458991238,0.9969135802469136
statement,2016-01-27,2016-01-27,False,3748,0,0,0.0,1,4,-0.5,-0.0469812661535301,1.0
minutes,2016-01-27,2016-02-17,False,81622,7,9,-0.11764705882352941,15,41,-0.45614035087719296,-0.014557720401423998,1.0
statement,2016-03-16,2016-03-16,False,3810,0,1,-0.5,1,3,-0.4,-0.04608854952711195,1.0
minutes,2016-03-16,2016-04-06,False,51352,6,12,-0.3157894736842105,21,28,-0.14,-0.03718458758173826,1.0
statement,2016-04-27,2016-04-27,False,3836,0,1,-0.5,1,4,-0.5,-0.03828124882912337,1.0
minutes,2016-04-27,2016-05-18,False,61662,9,16,-0.2692307692307692,28,36,-0.12307692307692308,-0.034680851706742115,1.0
statement,2016-06-15,2016-06-15,False,3608,0,0,0.0,2,4,-0.2857142857142857,-0.04158162954315169,1.0
minutes,2016-06-15,2016-07-06,False,54586,6,11,-0.2777777777777778,19,38,-0.3275862068965517,-0.03771239487192657,1.0
statement,2016-07-27,2016-07-27,False,3752,0,2,-0.6666666666666666,1,4,-0.5,-0.041853665721628026,1.0
minutes,2016-07-27,2016-08-17,False,67976,6,16,-0.43478260869565216,21,31,-0.18867924528301888,-0.03321617838470904,1.0
statement,2016-09-21,2016-09-21,False,3974,0,1,-0.5,2,3,-0.16666666666666666,-0.04222503131748946,1.0
minutes,2016-09-21,2016-10-12,False,59130,10,13,-0.125,27,26,0.018518518518518517,-0.03691684881636091,1.0
statement,2016-11-02,2016-11-02,False,3949,1,0,0.5,2,1,0.25,-0.04482019140876143,1.0
minutes,2016-11-02,2016-11-23,False,61335,12,7,0.25,22,15,0.18421052631578946,-0.025334337395336113,1.0
statement,2016-12-14,2016-12-14,False,3607,1,0,0.5,2,1,0.25,-0.04891537500757231,1.0
minutes,2016-12-14,2017-01-04,False,55591,15,1,0.8235294117647058,32,11,0.4772727272727273,-0.027583416617813546,1.0
statement,2017-02-01,2017-02-01,False,3389,1,1,0.0,2,2,0.0,-0.0571326282110635,1.0
minutes,2017-02-01,2017-02-22,False,81683,10,10,0.0,23,19,0.09302325581395349,-0.02030677147190035,0.9979757085020243
statement,2017-03-15,2017-03-15,False,3550,1,1,0.0,1,2,-0.25,-0.04432836089144607,1.0
minutes,2017-03-15,2017-04-05,False,59605,16,5,0.5,26,12,0.358974358974359,-0.03292845377838748,1.0
statement,2017-05-03,2017-05-03,False,3536,0,1,-0.5,2,3,-0.16666666666666666,-0.04195881241775977,0.9615384615384616
minutes,2017-05-03,2017-05-24,False,56689,6,9,-0.1875,22,18,0.0975609756097561,-0.0247925936714019,0.9971428571428571
statement,2017-06-14,2017-06-14,False,3729,0,1,-0.5,1,2,-0.25,-0.035174368881649036,1.0
minutes,2017-06-14,2017-07-05,False,55742,6,6,0.0,22,15,0.18421052631578946,-0.028863827098868162,1.0
statement,2017-07-26,2017-07-26,False,3417,0,1,-0.5,1,2,-0.25,-0.03837615688006384,1.0
minutes,2017-07-26,2017-08-16,False,49750,5,12,-0.3888888888888889,19,24,-0.11363636363636363,-0.025297623356772388,1.0
statement,2017-09-20,2017-09-20,False,3583,1,1,0.0,1,3,-0.4,-0.04490942225682476,1.0
minutes,2017-09-20,2017-10-11,False,57209,13,14,-0.03571428571428571,16,30,-0.2978723404255319,-0.028724770392695158,1.0
statement,2017-11-01,2017-11-01,False,3466,0,1,-0.5,2,3,-0.16666666666666666,-0.046909418928789796,1.0
minutes,2017-11-01,2017-11-22,False,50720,5,11,-0.35294117647058826,18,26,-0.17777777777777778,-0.02644611681933678,0.9969135802469136
statement,2017-12-13,2017-12-13,False,3253,0,1,-0.5,1,3,-0.4,-0.04919907835726536,1.0
minutes,2017-12-13,2018-01-03,False,49380,6,11,-0.2777777777777778,16,24,-0.1951219512195122,-0.026345284014655013,1.0
statement,2018-01-31,2018-01-31,False,2795,1,0,0.5,1,1,0.0,-0.0403376951457887,1.0
minutes,2018-01-31,2018-02-21,False,80931,17,5,0.5217391304347826,31,12,0.4318181818181818,-0.02348737102993107,0.9979716024340771
statement,2018-03-21,2018-03-21,False,2961,1,0,0.5,1,0,0.5,-0.04422185526589589,1.0
minutes,2018-03-21,2018-04-11,False,48507,14,8,0.2608695652173913,20,15,0.1388888888888889,-0.0276549809993381,0.9967845659163987
statement,2018-05-02,2018-05-02,False,2782,0,1,-0.5,0,1,-0.5,-0.04554322336543735,0.9583333333333334
minutes,2018-05-02,2018-05-23,False,52588,12,12,0.0,23,20,0.06818181818181818,-0.02080028025300622,0.9940298507462687
statement,2018-06-13,2018-06-13,False,2141,0,0,0.0,1,0,0.5,-0.03673937258079994,1.0
minutes,2018-06-13,2018-07-05,False,47439,9,3,0.46153846153846156,20,6,0.5185185185185185,-0.021920500086237728,0.99
statement,2018-08-01,2018-08-01,False,2079,0,0,0.0,0,0,0.0,-0.04253363294930589,1.0
minutes,2018-08-01,2018-08-22,False,55340,3,6,-0.3,9,8,0.05555555555555555,-0.027360022018802502,0.997229916897507
statement,2018-09-26,2018-09-26,False,1951,0,0,0.0,0,0,0.0,-0.02955736828333642,1.0
minutes,2018-09-26,2018-10-17,False,47482,15,5,0.47619047619047616,23,9,0.42424242424242425,-0.01644520540872911,0.993421052631579
statement,2018-11-08,2018-11-08,False,2028,0,0,0.0,1,0,0.5,-0.031088655454913922,1.0
minutes,2018-11-08,2018-11-29,False,55576,12,4,0.47058823529411764,23,13,0.2702702702702703,-0.007524145227334814,0.997134670487106
statement,2018-12-19,2018-12-19,False,2209,0,0,0.0,0,0,0.0,-0.027559791250216775,1.0
minutes,2018-12-19,2019-01-09,False,56536,6,4,0.18181818181818182,14,26,-0.2926829268292683,-0.021874582007885356,0.9972144846796658
statement,2019-01-30,2019-01-30,False,2206,0,0,0.0,0,1,-0.5,-0.04361200944279336,1.0
minutes,2019-01-30,2019-02-20,False,92905,5,8,-0.21428571428571427,15,24,-0.225,-0.022470018062130375,0.9981785063752276
statement,2019-03-20,2019-03-20,False,2302,1,2,-0.25,1,4,-0.5,-0.04329263612126017,1.0
minutes,2019-03-20,2019-04-10,False,61346,14,16,-0.06451612903225806,24,40,-0.24615384615384617,-0.029906899917757242,0.9918256130790191
statement,2019-05-01,2019-05-01,False,2137,0,0,0.0,0,1,-0.5,-0.03640796606019283,0.95
minutes,2019-05-01,2019-05-22,False,62151,11,7,0.21052631578947367,17,25,-0.18604651162790697,-0.02243631614160392,0.9973684210526316
statement,2019-06-19,2019-06-19,False,2376,0,0,0.0,0,2,-0.6666666666666666,-0.031659065542734066,1.0
minutes,2019-06-19,2019-07-10,False,55225,7,5,0.15384615384615385,10,28,-0.46153846153846156,-0.02640128638333104,0.9942528735632183
statement,2019-07-31,2019-07-31,False,2661,0,1,-0.5,0,2,-0.6666666666666666,-0.033984406363905546,1.0
minutes,2019-07-31,2019-08-21,False,68958,13,16,-0.1,20,32,-0.22641509433962265,-0.0328003378213112,0.9975124378109452
statement,2019-09-18,2019-09-18,False,2556,0,1,-0.5,0,2,-0.6666666666666666,-0.0263580830262577,1.0
minutes,2019-09-18,2019-10-09,False,71259,5,14,-0.45,12,34,-0.46808510638297873,-0.03265907402753771,0.9976133651551312
statement,2019-10-30,2019-10-30,False,2331,0,1,-0.5,0,2,-0.6666666666666666,-0.03212988722050788,1.0
minutes,2019-10-30,2019-11-20,False,83352,4,12,-0.47058823529411764,8,32,-0.5853658536585366,-0.02739254582447258,0.9958677685950413
statement,2019-12-11,2019-12-11,False,2127,0,1,-0.5,0,2,-0.6666666666666666,-0.04188794706695248,1.0
minutes,2019-12-11,2020-01-03,False,57192,7,17,-0.4,12,26,-0.358974358974359,-0.025552305729366512,0.9973614775725593
statement,2020-01-29,2020-01-29,False,2135,0,1,-0.5,0,2,-0.6666666666666666,-0.03770790996405417,0.9473684210526315
minutes,2020-01-29,2020-02-19,False,87648,7,7,0.0,17,16,0.029411764705882353,-0.02282368247638757,0.9961904761904762
statement,2020-03-03,2020-03-03,False,800,0,0,0.0,0,0,0.0,-0.043460562950341924,0.9166666666666666
statement,2020-03-15,2020-03-15,False,4587,0,0,0.0,0,2,-0.6666666666666666,-0.026495795921538116,0.9714285714285714
statement,2020-03-23,2020-03-23,False,4087,0,0,0.0,0,0,0.0,-0.01607154512393976,0.9642857142857143
minutes,2020-03-15,2020-04-08,False,65187,2,4,-0.2857142857142857,6,23,-0.5666666666666667,-0.0168519937117923,0.9924812030075187
statement,2020-04-29,2020-04-29,False,2838,0,1,-0.5,0,2,-0.6666666666666666,-0.03206629368722848,0.9545454545454546
minutes,2020-04-29,2020-05-20,False,58897,1,8,-0.7,4,19,-0.625,-0.009644527852385837,0.9945054945054945
statement,2020-06-10,2020-06-10,False,2840,0,1,-0.5,0,2,-0.6666666666666666,-0.03198158458873208,0.9545454545454546
minutes,2020-06-10,2020-07-01,False,65793,1,17,-0.8421052631578947,6,23,-0.5666666666666667,-0.028795049677619314,0.9897435897435898
statement,2020-07-29,2020-07-29,False,2974,0,1,-0.5,0,2,-0.6666666666666666,-0.03036741540838583,0.9565217391304348
minutes,2020-07-29,2020-08-19,False,59074,3,13,-0.5882352941176471,5,22,-0.6071428571428571,-0.016941121262138058,0.9947643979057592
statement,2020-09-16,2020-09-16,False,3568,0,1,-0.5,1,1,0.0,-0.03622638036337012,1.0
minutes,2020-09-16,2020-10-07,False,64812,9,7,0.11764705882352941,18,9,0.32142857142857145,-0.02890746736600463,0.9906103286384976
statement,2020-11-05,2020-11-05,False,3044,0,0,0.0,1,1,0.0,-0.035173183832283156,0.96
minutes,2020-11-05,2020-11-25,False,62602,7,9,-0.11764705882352941,14,18,-0.12121212121212122,-0.019130182383470435,0.9948051948051948
statement,2020-12-16,2020-12-16,False,3154,0,0,0.0,1,1,0.0,-0.03920650093590773,0.9583333333333334
minutes,2020-12-16,2021-01-06,False,54419,5,4,0.1,14,12,0.07407407407407407,-0.02720357187398441,0.9941860465116279
statement,2021-01-27,2021-01-27,False,3227,0,0,0.0,1,2,-0.25,-0.030979897772817015,1.0
minutes,2021-01-27,2021-02-17,False,82722,12,5,0.3888888888888889,17,19,-0.05405405405405406,-0.01678762008259393,0.998062015503876
statement,2021-03-17,2021-03-17,False,3193,0,0,0.0,1,0,0.5,-0.034296967233556325,1.0
minutes,2021-03-17,2021-04-07,False,56982,8,4,0.3076923076923077,16,5,0.5,-0.027060355241366914,0.9918256130790191
statement,2021-04-28,2021-04-28,False,3181,0,0,0.0,3,0,0.75,-0.03175298027853684,1.0
minutes,2021-04-28,2021-05-19,False,57621,9,4,0.35714285714285715,25,7,0.5454545454545454,-0.023388993567308468,0.9973333333333333
statement,2021-06-16,2021-06-16,False,3143,0,0,0.0,3,0,0.75,-0.02475368986574975,1.0
minutes,2021-06-16,2021-07-07,False,62453,14,3,0.6111111111111112,34,8,0.6046511627906976,-0.02419869239333966,0.9899497487437185
statement,2021-07-28,2021-07-28,False,3226,0,0,0.0,2,0,0.6666666666666666,-0.03243370607911284,1.0
minutes,2021-07-28,2021-08-18,False,69072,11,3,0.5333333333333333,25,10,0.4166666666666667,-0.026103956026750134,0.9951219512195122
statement,2021-09-22,2021-09-22,False,3335,0,0,0.0,2,1,0.25,-0.040057377432377625,1.0
minutes,2021-09-22,2021-10-13,False,57126,7,2,0.5,34,12,0.46808510638297873,-0.03241597811343821,0.991869918699187
statement,2021-11-03,2021-11-03,False,4017,0,0,0.0,2,1,0.25,-0.04081407732302343,1.0
minutes,2021-11-03,2021-11-24,False,54012,13,1,0.8,35,12,0.4791666666666667,-0.026060767208063922,0.9941690962099126
statement,2021-12-15,2021-12-15,False,3412,0,0,0.0,2,0,0.6666666666666666,-0.0431542423937844,1.0
minutes,2021-12-15,2022-01-05,False,61347,15,2,0.7222222222222222,38,5,0.75,-0.026622603429499903,0.9974683544303797
statement,2022-01-26,2022-01-26,False,2788,0,0,0.0,2,0,0.6666666666666666,-0.044002823317078575,1.0
minutes,2022-01-26,2022-02-16,False,86527,12,4,0.47058823529411764,36,8,0.6222222222222222,-0.01929627342995559,0.9962335216572504
statement,2022-03-16,2022-03-16,False,2285,1,0,0.5,3,0,0.75,-0.0443129225099221,1.0
minutes,2022-03-16,2022-04-06,False,56831,19,1,0.8571428571428571,44,5,0.78,-0.02300321339068736,0.9944289693593314
statement,2022-05-04,2022-05-04,False,2513,1,0,0.5,3,0,0.75,-0.032472184348791656,0.9583333333333334
minutes,2022-05-04,2022-05-25,False,49338,16,2,0.7368421052631579,36,4,0.7804878048780488,-0.010264071197386624,0.993993993993994
statement,2022-06-15,2022-06-15,False,2427,1,0,0.5,2,0,0.6666666666666666,-0.02106798870547474,1.0
minutes,2022-06-15,2022-07-06,False,51745,15,5,0.47619047619047616,33,17,0.3137254901960784,-0.010135316177092657,0.9911764705882353
statement,2022-07-27,2022-07-27,False,2093,0,0,0.0,1,0,0.5,-0.028977063082151987,1.0
minutes,2022-07-27,2022-08-17,False,55088,14,18,-0.12121212121212122,38,35,0.04054054054054054,-0.0141770033654063,0.9945652173913043
statement,2022-09-21,2022-09-21,False,2090,0,0,0.0,1,0,0.5,-0.029353706743356706,1.0
minutes,2022-09-21,2022-10-12,False,50946,14,6,0.38095238095238093,30,19,0.22,-0.017321662949366254,1.0
statement,2022-11-02,2022-11-02,False,2489,0,0,0.0,1,0,0.5,-0.03718523032233381,1.0
minutes,2022-11-02,2022-11-23,False,52894,18,3,0.6818181818181818,34,8,0.6046511627906976,-0.018122939709116014,1.0
statement,2022-12-14,2022-12-14,False,2489,0,0,0.0,1,0,0.5,-0.03672692093418805,1.0
minutes,2022-12-14,2023-01-04,False,50651,13,4,0.5,24,21,0.06521739130434782,-0.019490378799622735,1.0
statement,2023-02-01,2023-02-01,False,2236,0,0,0.0,0,1,-0.5,-0.04173722176041522,1.0
minutes,2023-02-01,2023-02-22,False,56525,11,4,0.4375,17,37,-0.36363636363636365,-0.016926379884675,1.0
statement,2023-03-22,2023-03-22,False,2437,0,0,0.0,1,1,0.0,-0.020387670282265565,1.0
minutes,2023-03-22,2023-04-12,False,49063,12,5,0.3888888888888889,23,18,0.11904761904761904,-0.013923339736995837,1.0
statement,2023-05-03,2023-05-03,False,2225,0,0,0.0,1,0,0.5,-0.015567718543471592,0.9615384615384616
minutes,2023-05-03,2023-05-24,False,53911,13,7,0.2857142857142857,22,20,0.046511627906976744,-0.00453538074835481,0.9973262032085561
statement,2023-06-14,2023-06-14,False,2292,0,0,0.0,1,0,0.5,-0.01894212258652899,1.0
minutes,2023-06-14,2023-07-05,False,46071,10,3,0.5,18,18,0.0,-0.016613718699879786,1.0
statement,2023-07-26,2023-07-26,False,2249,0,0,0.0,1,0,0.5,-0.018123304646898306,1.0
minutes,2023-07-26,2023-08-16,False,45194,10,6,0.23529411764705882,19,15,0.11428571428571428,-0.006899294878078646,1.0
statement,2023-09-20,2023-09-20,False,2286,0,1,-0.5,1,1,0.0,-0.016327148507266045,1.0
minutes,2023-09-20,2023-10-11,False,42853,8,5,0.21428571428571427,16,26,-0.23255813953488372,-0.013456897457896426,1.0
statement,2023-11-01,2023-11-01,False,2323,0,1,-0.5,1,1,0.0,-0.0183933800405105,1.0
minutes,2023-11-01,2023-11-21,False,45429,12,5,0.3888888888888889,22,13,0.25,-0.008284404890699695,1.0
statement,2023-12-13,2023-12-13,False,2376,0,1,-0.5,0,2,-0.6666666666666666,-0.01591165744042238,1.0
minutes,2023-12-13,2024-01-03,False,44921,7,10,-0.16666666666666666,17,31,-0.2857142857142857,-0.01947493199457413,1.0
statement,2024-01-31,2024-01-31,False,2190,0,1,-0.5,0,2,-0.6666666666666666,-0.019370729340297817,1.0
minutes,2024-01-31,2024-02-21,False,48774,10,6,0.23529411764705882,16,24,-0.1951219512195122,-0.01818401799448228,1.0
statement,2024-03-20,2024-03-20,False,2154,0,1,-0.5,0,2,-0.6666666666666666,-0.020185162977031344,1.0
minutes,2024-03-20,2024-04-10,False,47804,14,4,0.5263157894736842,20,18,0.05128205128205128,-0.013635790091851674,1.0
statement,2024-05-01,2024-05-01,False,2645,0,1,-0.5,0,2,-0.6666666666666666,-0.01935374755928969,0.9666666666666667
minutes,2024-05-01,2024-05-22,False,46312,13,7,0.2857142857142857,20,19,0.025,-0.01870718874559603,1.0
statement,2024-06-12,2024-06-12,False,2244,0,1,-0.5,0,2,-0.6666666666666666,-0.020664979511802396,1.0
minutes,2024-06-12,2024-07-03,False,42724,10,8,0.10526315789473684,16,22,-0.15384615384615385,-0.021843910824369237,0.9969604863221885
statement,2024-07-31,2024-07-31,False,2324,0,0,0.0,1,1,0.0,-0.01951796646080932,1.0
minutes,2024-07-31,2024-08-21,False,43712,4,4,0.0,14,15,-0.03333333333333333,-0.01870921274161394,1.0
statement,2024-09-18,2024-09-18,False,2313,0,0,0.0,1,0,0.5,-0.017396676279573215,1.0
minutes,2024-09-18,2024-10-09,False,43234,7,3,0.36363636363636365,16,10,0.2222222222222222,-0.025055692575172168,0.9968253968253968
statement,2024-11-07,2024-11-07,False,2091,0,0,0.0,1,0,0.5,-0.020333777305306337,1.0
minutes,2024-11-07,2024-11-26,False,48081,7,7,0.0,16,13,0.1,-0.015631185483339374,0.997093023255814
statement,2024-12-18,2024-12-18,False,2243,0,0,0.0,1,0,0.5,-0.016919969442754496,1.0
minutes,2024-12-18,2025-01-08,False,44578,9,3,0.46153846153846156,19,6,0.5,-0.021679651644274458,0.9969325153374233
statement,2025-01-29,2025-01-29,False,2021,0,0,0.0,1,0,0.5,-0.020822417534865006,1.0
minutes,2025-01-29,2025-02-19,False,53241,7,4,0.25,18,12,0.1935483870967742,-0.01455582857804782,1.0
statement,2025-03-19,2025-03-19,False,2404,0,0,0.0,1,0,0.5,-0.02449225349850643,1.0
minutes,2025-03-19,2025-04-09,False,47504,9,5,0.26666666666666666,20,16,0.10810810810810811,-0.023263225681834487,1.0
statement,2025-05-07,2025-05-07,False,2124,1,1,0.0,3,1,0.4,-0.014817427128678642,0.9615384615384616
minutes,2025-05-07,2025-05-28,False,50033,10,9,0.05,24,21,0.06521739130434782,-0.016865740317753255,1.0
statement,2025-06-18,2025-06-18,False,1967,1,0,0.5,2,0,0.6666666666666666,-0.016819961903209994,1.0
minutes,2025-06-18,2025-07-09,False,46316,8,7,0.0625,24,10,0.4,-0.020586429889048418,1.0
statement,2025-07-30,2025-07-30,False,2132,1,0,0.5,2,0,0.6666666666666666,-0.018144655363725486,1.0
minutes,2025-07-30,2025-08-20,False,46452,7,8,-0.0625,20,14,0.17142857142857143,-0.023728981745745163,1.0
statement,2025-09-17,2025-09-17,False,2165,0,0,0.0,2,0,0.6666666666666666,-0.02624285433759889,1.0
minutes,2025-09-17,2025-10-08,False,41150,9,7,0.11764705882352941,27,18,0.1956521739130435,-0.027378073314805382,1.0
statement,2025-10-29,2025-10-29,False,2341,0,0,0.0,1,0,0.5,-0.03401174825609902,1.0
minutes,2025-10-29,2025-11-19,False,54594,11,6,0.2777777777777778,32,16,0.32653061224489793,-0.026003068195158737,1.0
statement,2025-12-10,2025-12-10,False,2471,0,0,0.0,1,0,0.5,-0.03356115583295829,1.0
minutes,2025-12-10,2025-12-30,False,50532,11,4,0.4375,21,11,0.30303030303030304,-0.02477349613002548,1.0
statement,2026-01-28,2026-01-28,False,1912,1,0,0.5,2,0,0.6666666666666666,-0.03661526544958166,1.0
minutes,2026-01-28,2026-02-18,False,43227,8,3,0.4166666666666667,18,12,0.1935483870967742,-0.029599921282756472,1.0
statement,2026-03-18,2026-03-18,False,1997,1,0,0.5,2,0,0.6666666666666666,-0.031653523775340496,1.0
minutes,2026-03-18,2026-04-08,False,39773,16,6,0.43478260869565216,30,14,0.35555555555555557,-0.02011887488589239,1.0
statement,2026-04-29,2026-04-29,False,2177,0,0,0.0,1,0,0.5,-0.03952346919105385,1.0
minutes,2026-04-29,2026-05-20,False,45380,14,3,0.6111111111111112,29,8,0.5526315789473685,-0.02671080446390755,1.0
statement,2026-06-17,2026-06-17,False,857,0,0,0.0,1,0,0.5,-0.05632753815787016,1.0
minutes,2026-06-17,2026-07-08,False,35465,15,4,0.55,33,9,0.5581395348837209,-0.024942337477016033,1.0
